product_id,brand,created_at,default_image,default_price,description,hidden,name,slug,status,update_at,category_id,shop_id
b20cbda2-1c61-4483-b1f6-131e821a9808,"Sope Brand""",2025-07-23 16:58:40.302341,https://res.cloudinary.com/dybo8zd4y123/image/upload/v1753264719/nqdur1ilorllqlojmvz9.webp,35000.00,"Chất liệu lụa thoáng mát, thiết kế sang trọng.",f,Áo khoác chống lạnh,ao-khoac-chong-lanh-1753264720302,PENDING,,2dd8792a-30bf-4ea6-a246-5209d480ba60,d235cd4a-cb4b-45f4-9b8c-56a79f9a2c98
aecc1d69-470c-4794-a3c1-7af5f2c8c809,Sope Brand,2025-07-23 16:59:45.208767,https://res.cloudinary.com/dybo8zd4y123/image/upload/v1753264784/rrdtf2jqelbdwptnjgwf.jpg,35000.00,"Chất liệu lụa thoáng mát, thiết kế sang trọng.",f,Áo khoác cho mèo méo,ao-khoac-cho-meo-meo-1753264785208,PENDING,,2dd8792a-30bf-4ea6-a246-5209d480ba60,d235cd4a-cb4b-45f4-9b8c-56a79f9a2c98
d60d9fbc-a235-40ce-a518-c252b624320d,Sope Brand,2025-07-23 17:02:37.849744,https://res.cloudinary.com/dybo8zd4y123/image/upload/v1753264957/x18tmdcfsnyic1ldszpz.webp,35000.00,"Chất liệu lụa thoáng mát, thiết kế sang trọng.",f,LaptopDell,laptopdell-1753264957849,PENDING,,db9e7b65-122a-41a4-9cdc-894b676efbe1,d235cd4a-cb4b-45f4-9b8c-56a79f9a2c98
428588d9-9690-4566-8c60-49e12735f01f,Sope Brand,2025-07-23 17:02:56.187983,https://res.cloudinary.com/dybo8zd4y123/image/upload/v1753264975/v9bjaj5h5hgtm1vpitsx.webp,35000.00,"Chất liệu lụa thoáng mát, thiết kế sang trọng.",f,ManyLaptop,manylaptop-1753264976188,PENDING,,db9e7b65-122a-41a4-9cdc-894b676efbe1,d235cd4a-cb4b-45f4-9b8c-56a79f9a2c98
91ab7e93-5baf-49dc-8255-1db3d462bb7c,Sope Brand,2025-07-23 17:03:15.800723,https://res.cloudinary.com/dybo8zd4y123/image/upload/v1753264995/nygfiu8yjgtrfwh23ppg.webp,35000.00,"Chất liệu lụa thoáng mát, thiết kế sang trọng.",f,ToptopLaplap,toptoplaplap-1753264995800,PENDING,,db9e7b65-122a-41a4-9cdc-894b676efbe1,d235cd4a-cb4b-45f4-9b8c-56a79f9a2c98
09a6ef28-2dd6-4515-b146-3e6f04cfd48d,Sope Brand,2025-07-24 09:27:28.54574,https://res.cloudinary.com/dybo8zd4y123/image/upload/v1753324048/juauwu9h0mmjuwiiid3i.webp,35000.00,"Chất liệu lụa thoáng mát, thiết kế sang trọng.",f,ToptopLaplap123,toptoplaplap123-1753324048545,PENDING,,db9e7b65-122a-41a4-9cdc-894b676efbe1,d235cd4a-cb4b-45f4-9b8c-56a79f9a2c98
0320c551-72dd-4ced-8850-fe692d336c98,Sope Brand,2025-07-24 09:27:37.387321,https://res.cloudinary.com/dybo8zd4y123/image/upload/v1753324056/abbjdrt1vrrkttcbrp7t.webp,35000.00,"Chất liệu lụa thoáng mát, thiết kế sang trọng.",f,ToptopLaplap123567,toptoplaplap123567-1753324057387,PENDING,,db9e7b65-122a-41a4-9cdc-894b676efbe1,d235cd4a-cb4b-45f4-9b8c-56a79f9a2c98
308be658-d9d3-4190-ba5b-1091fceaf99a,Sope Brand,2025-07-24 09:27:44.939785,https://res.cloudinary.com/dybo8zd4y123/image/upload/v1753324064/y8htkj9lnwdupfwizyj1.webp,35000.00,"Chất liệu lụa thoáng mát, thiết kế sang trọng.",f,TopLap,toplap-1753324064939,PENDING,,db9e7b65-122a-41a4-9cdc-894b676efbe1,d235cd4a-cb4b-45f4-9b8c-56a79f9a2c98
cc255269-eb09-4da5-bb1d-d56934f17a3b,Sope Brand,2025-07-24 10:41:56.440396,https://res.cloudinary.com/dybo8zd4y123/image/upload/v1753328515/lbgy4vaksg9ntuadgm70.webp,50000.00,"Chất liệu lụa thoáng mát, thiết kế sang trọng.",f,Áo cờ đỏ sao vàng,ao-co-o-sao-vang-1753328516440,PENDING,,06c6e633-68f3-4868-9177-00bfedfc4655,d235cd4a-cb4b-45f4-9b8c-56a79f9a2c98
